{
  "name" : "export_ ",
  "sourceOrgId" : "9WV3s8WNLHXkbTjwoRS16j",
  "sourceOrgName" : "GCS-FlorenceProdTestOrg",
  "exportedObjects" : [ {
    "objectGuid" : "1tRzLq7KPaTl7BWxbwNxOu",
    "objectName" : "SD_1",
    "objectType" : "Project",
    "path" : "/Explore",
    "metadata" : {
      "modelVersion" : {
        "major" : 0,
        "minor" : 0
      },
      "repoInfo" : null,
      "objectRefs" : [ ],
      "contextAttributes" : [ ],
      "additionalInfo" : {
        "description" : "",
        "contentType" : "Binary",
        "documentState" : "COMPLETE"
      },
      "objectExistence" : "WITHOUT_DEPENDENCIES"
    }
  }, {
    "objectGuid" : "2K8CN4cVWjQgK6GIezqq6d",
    "objectName" : "eawindowsGroup",
    "objectType" : "AgentGroup",
    "path" : "/SYS",
    "metadata" : {
      "modelVersion" : {
        "major" : 0,
        "minor" : 0
      },
      "repoInfo" : {
        "repoHandle" : "01001N25000000000003"
      },
      "objectRefs" : [ ],
      "contextAttributes" : [ {
        "name" : "id",
        "value" : "@1"
      } ],
      "additionalInfo" : {
        "description" : null,
        "contentType" : "JSON",
        "documentState" : "VALID"
      },
      "objectExistence" : "WITH_DEPENDENCIES"
    }
  }, {
    "objectGuid" : "2vDQKSgEng7cOF4hdxWwAr",
    "objectName" : "dss_SD_FF",
    "objectType" : "DSS",
    "path" : "/Explore/SD_1",
    "metadata" : {
      "modelVersion" : {
        "major" : 0,
        "minor" : 0
      },
      "repoInfo" : {
        "repoHandle" : "01001N0I00000000000X"
      },
      "objectRefs" : [ "7SW6fFOcNandoSH8wZYkQT", "6zCsRwc1ZWYfGIp1ubkK2c" ],
      "contextAttributes" : [ {
        "name" : "id",
        "value" : "@1"
      } ],
      "additionalInfo" : {
        "description" : "",
        "contentType" : "JSON",
        "documentState" : "VALID"
      },
      "objectExistence" : "WITH_DEPENDENCIES"
    }
  }, {
    "objectGuid" : "7SW6fFOcNandoSH8wZYkQT",
    "objectName" : "SD_ea_flatfile",
    "objectType" : "Connection",
    "path" : "/SYS",
    "metadata" : {
      "modelVersion" : {
        "major" : 0,
        "minor" : 0
      },
      "repoInfo" : {
        "repoHandle" : "01001N0B000000000023"
      },
      "objectRefs" : [ "2K8CN4cVWjQgK6GIezqq6d" ],
      "contextAttributes" : [ {
        "name" : "id",
        "value" : "@1"
      } ],
      "additionalInfo" : {
        "description" : null,
        "contentType" : "JSON",
        "documentState" : "COMPLETE"
      },
      "objectExistence" : "WITH_DEPENDENCIES"
    }
  }, {
    "objectGuid" : "6zCsRwc1ZWYfGIp1ubkK2c",
    "objectName" : "ea_flatfile",
    "objectType" : "Connection",
    "path" : "/SYS",
    "metadata" : {
      "modelVersion" : {
        "major" : 0,
        "minor" : 0
      },
      "repoInfo" : {
        "repoHandle" : "01001N0B00000000001A"
      },
      "objectRefs" : [ "2K8CN4cVWjQgK6GIezqq6d" ],
      "contextAttributes" : [ {
        "name" : "id",
        "value" : "@1"
      } ],
      "additionalInfo" : {
        "description" : null,
        "contentType" : "JSON",
        "documentState" : "COMPLETE"
      },
      "objectExistence" : "WITH_DEPENDENCIES"
    }
  } ]
}